EKLEMEMEAAR	0.5	Not found
SFLEDIRK	0.5	Not found
ELFPVLCQPDNPSVR	0.5	Not found
ATLQAALCLENFSSQVVER	1.0	Not found
LFIGGLSFETTEESLR	1.0	Not found
ITPENLPQILLQLK	1.5	Not found
GIVEESVTGVHR	0.5	Not found
AVIEHNLLSASK	0.5	Not found
KNHEEEMLALR	1.0	Not found
ALFPGDSEIDQLFR	1.0	Not found
GALQNIIPASTGAAK	0.5	Not found
GALQNIIPASTGAAK	0.5	Not found
GALQNIIPASTGAAK	0.5	Not found
GALQNIIPASTGAAK	4.0	Not found
GALQNIIPASTGAAK	2.0	Not found
GALQNIIPASTGAAK	0.5	Not found
GALQNIIPASTGAAK	1.0	Not found
GALQNIIPASTGAAK	2.0	Not found
GALQNIIPASTGAAK	0.5	Not found
GALQNIIPASTGAAK	1.5	Not found
GALQNIIPASTGAAK	0.5	Not found
GALQNIIPASTGAAK	0.5	Not found
GALQNIIPASTGAAK	1.0	Not found
GALQNIIPASTGAAK	0.5	Not found
DLLDTVLPHLYNETK	0.5	Not found
ISMPDVNLNLK	0.5	Not found
ELEAVCQDVLSLLDNYLIK	0.5	Not found
DLSHIGDAVVISCAK	0.5	Not found
VELDNMPLR	0.5	Not found
YITSLNEDSTVHGFLVQLPLDSENSINTEEVINAIAPEK	0.5	Not found
NLDSTTVAVHGEEIYCK	0.5	Not found
NLDSTTVAVHGEEIYCK	0.5	Not found
YEDFKEEGSENAVK	0.5	Not found
YITSLNEDSTVHGFLVQLPLDSENSINTEEVINAIAPEK	1.0	Not found
YEDFKEEGSENAVK	0.5	Not found
SNYNFEKPFLWLAR	0.5	Not found
FGQGGAGPVGGQGPR	0.5	Not found
FAQHGTFEYEYSQR	0.5	Not found
FEGGVVIAADMLGSYGSLAR	0.5	Not found
ALGQNPTNAEVLK	0.5	Not found
FAEVECLAESHQHLSK	1.0	Not found
ALDQFVNFSEQK	0.5	Not found
LSDQFHDILIR	0.5	Not found
NILSVVGTDALKK	0.5	Not found
LSLDGQNIYNACCTLR	0.5	Not found
DSIVHQAGMLKR	1.0	Not found
GASQAGMTGYGMPR	0.5	Not found
YYTSASGDEMVSLK	0.5	Not found
DGIDDESYGQIFKPIISK	0.5	Not found
IPQSHIQQICETILTSGENLAR	0.5	Not found
LLTHNLLSSHVR	0.5	Not found
VPLALHPVVGQPFLK	0.5	Not found
VPLALHPVVGQPFLK	0.5	Not found
IVLDNSVFSEHR	0.5	Not found
HSQFIGYPITLFVEK	0.5	Not found
HSQFIGYPITLFVEK	1.0	Not found
LDDPSCPRPECYR	0.5	Not found
INEWLTLVEK	0.5	Not found
THINIVVIGHVDSGK	0.5	Not found
THINIVVIGHVDSGK	2.0	Not found
SNLVDNTNQVEVLQR	0.5	Not found
IVLDNSVFSEHR	0.5	Not found
IVLDNSVFSEHR	0.5	Not found
ADLINNLGTIAK	0.5	Not found
ADLINNLGTIAK	0.5	Not found
RAEDGSVIDYELIDQDAR	0.5	Not found
RAEDGSVIDYELIDQDAR	0.5	Not found
SWDVETATELLLSN	0.5	Not found
ASIHEAWTDGK	0.5	Not found
ITPSYVAFTPEGER	1.0	Not found
YNFFTGCPK	0.5	Not found
GLPLVDDGGWNTVPISK	0.5	Not found
IAQDLEMYGVNYFSIK	2.5	Not found
ANAQAAALYK	0.5	Not found
QITVNDLPVGR	0.5	Not found
NAGNCLSPAVIVGLLK	0.5	Not found
DGTGVVEFVR	0.5	Not found
GVVPLAGTNGETTTQGLDGLSER	1.0	Not found
GVVPLAGTNGETTTQGLDGLSER	1.5	Not found
GVVPLAGTNGETTTQGLDGLSER	2.0	Not found
GVVPLAGTNGETTTQGLDGLSER	2.0	Not found
GVVPLAGTNGETTTQGLDGLSER	0.5	Not found
GVVPLAGTNGETTTQGLDGLSER	2.0	Not found
GVVPLAGTNGETTTQGLDGLSER	0.5	Not found
GVVPLAGTNGETTTQGLDGLSER	0.5	Not found
RAGDLLEDSPK	0.5	Not found
TLMELLNQMDGFDTLHR	0.5	Not found
LGSTAIGIQTSEGVCLAVEK	0.5	Not found
LTSLNEEYTK	0.5	Not found
LHEFNAHDLSSVAR	0.5	Not found
NLGPINEWWITGFDGGEK	0.5	Not found
YEELQITAGR	0.5	Not found
VNQIGSVTESLQACK	0.5	Not found
KIQDLNLSRQAK	0.5	Not found
KIQDLNLSRQAK	0.5	Not found
KIQDLNLSRQAK	0.5	Not found
AFYPEEISSMVLTK	0.5	Not found
GNAGGIQPDLLISLTAPK	0.5	Not found
KIQDLNLSRQAK	4.0	Not found
KIQDLNLSRQAK	0.5	Not found
KIQDLNLSRQAK	2.0	Not found
EALAQCVLAEIPQQVVGYFNTYK	0.5	Not found
KIQDLNLSRQAK	0.5	Not found
EGPEGANLFIYHLPQEFGDQDLLQMFMPFGNVVSAK	0.5	Not found
KIQDLNLSRQAK	0.5	Not found
KIQDLNLSRQAK	1.5	Not found
SKDDQVTVIGAGVTLHEALAAAELLK	2.5	Not found
KIQDLNLSRQAK	0.5	Not found
SIYGEKFEDENFILK	2.5	Not found
KIQDLNLSRQAK	2.0	Not found
SIYGEKFEDENFILK	1.5	Not found
TFEGIDPK	0.5	Not found
KIQDLNLSRQAK	1.0	Not found
KIQDLNLSRQAK	1.0	Not found
KIQDLNLSRQAK	0.5	Not found
YQEALHLGSQLLR	0.5	Not found
KYEDICPSTHNMDVPNIK	0.5	Not found
VSDVEELTPPEHLSDLPPFSR	0.5	Not found
KLASQGDSISSQLGPIHPPPR	0.5	Not found
KLASQGDSISSQLGPIHPPPR	0.5	Not found
DILLVNDHLLNFVR	0.5	Not found
MSTPVEVLCK	0.5	Not found
IVADKDYSVTANSK	0.5	Not found
RFDEILEASDGIMVAR	0.5	Not found
RFDEILEASDGIMVAR	1.5	Not found
RFDEILEASDGIMVAR	1.5	Not found
PLYEGLGSGGEK	0.5	Not found
MNFSEVFK	0.5	Not found
LLETELLQEISEIEKR	0.5	Not found
VEWSAFLEAADNLR	1.0	Not found
SALSGHLETVILGLLK	0.5	Not found
ALGLGVEQLPVVFEDVVLHQATILPK	0.5	Not found
QELSHALYQHDAACR	0.5	Not found
LQAQQDAVNIVCHSK	0.5	Not found
YHTSQSGDEMTSLSEYVSR	0.5	Not found
LTQAQIFDYGEIPNFPR	0.5	Not found
SSALQWLTPEQTSGK	0.5	Not found
IQESIERLR	0.5	Not found
ETDLLLDDSLVSIFGNR	2.0	Not found
FHDFLGDSWGILFSHPR	1.5	Not found
GVNLPGAAVDLPAVSEK	0.5	Not found
LLASSDPLAQIAEDKPYAELWMGTHPR	0.5	Not found
GVNLPGAAVDLPAVSEK	1.0	Not found
GVNLPGAAVDLPAVSEK	0.5	Not found
GVDEVTIVNILTNR	0.5	Not found
GEMMDLQHGSLFLR	1.0	Not found
FHDFLGDSWGILFSHPR	1.0	Not found
LAATNALLNSLEFTK	0.5	Not found
LAATNALLNSLEFTK	0.5	Not found
LAATNALLNSLEFTK	0.5	Not found
LAATNALLNSLEFTK	0.5	Not found
VFHLLGVDTLVVTNAAGGLNPK	0.5	Not found
YEEVSVSGFEEFHR	1.5	Not found
IWHPNISSVTGAICLDILK	0.5	Not found
NALGPGLSPELGPLPALR	0.5	Not found
RNQDLAPNSAEQASILSLVTK	0.5	Not found
QVDENWYEGR	0.5	Not found
QVDENWYEGR	0.5	Not found
AIENIDTLTNLESLFLGK	1.0	Not found
GVLSTLIAGPVVEISHQLR	0.5	Not found
NRVIGK	0.5	Not found
ILLANFLAQTEALMR	3.0	Not found
NLFASFPTEESSINYTFK	0.5	Not found
SLVEIIEHGLVDEQQK	0.5	Not found
EAMNDPLLER	1.0	Not found
FRQDLMNIAGTTLSSK	0.5	Not found
KEMQPTHPIR	0.5	Not found
FHNLEGFLEEFADIAKEDQIK	0.5	Not found
QAAPCVLFFDELDSIAK	0.5	Not found
AITIAGIPQSIIECVK	0.5	Not found
FLVYVANFDEKDPR	0.5	Not found
FLVYVANFDEKDPR	0.5	Not found
LTEVSISSDAFFPFR	1.5	Not found
ILTEAEIDAHLVALAERD	0.5	Not found
TVPEELVKPEELSK	0.5	Not found
VVSEDFLQDVSASTK	0.5	Not found
HLEINPDHSIIETLR	0.5	Not found
KNHEEEVNTLR	0.5	Not found
KNHEEEVNTLR	1.0	Not found
QNHEQEVNTLR	0.5	Not found
QNHEQEVNTLR	1.0	Not found
TIVITSHPGQIVK	0.5	Not found
LENDGATALAEAFR	0.5	Not found
LALDIKIATYR	0.5	Not found
LALDIKIATYR	0.5	Not found
LSLEGDHSTPPSAYGSVK	0.5	Not found
TVEAEAAHGTVTR	0.5	Not found
LSDQFHDILIR	0.5	Not found
EHVYDLFEK	0.5	Not found
AQYEEIARK	0.5	Not found
AQYEEIARK	0.5	Not found
NIFLNQVLAEINK	0.5	Not found
VPVHDVTDASK	1.0	Not found
ELDALDANDELTPLGR	0.5	Not found
LGESQTLQQFSR	0.5	Not found
KVTQLDLDGPK	0.5	Not found
EVYELLDSPGK	0.5	Not found
AVLIAGQPGTGK	0.5	Not found
KFVETPGQK	0.5	Not found
EGPPPASPAQLLSK	1.0	Not found
LLIHQSLAGGIIGVK	0.5	Not found
DLISHDEMFSDIYK	0.5	Not found
LVSIGAEEIVDGNAK	0.5	Not found
KAEEELGELEAK	0.5	Not found
KFFDANYDGK	0.5	Not found
FLLEHFTDEQR	0.5	Not found
TFEELEHVSAPYK	0.5	Not found
VLVYNNTSIVQDEILAHR	0.5	Not found
YYVTIIDAPGHR	0.5	Not found
LESALTELEQLRK	0.5	Not found
YPVNSVNILK	0.5	Not found
LAGTQPLEVLEAVQR	0.5	Not found
AMTTGAIAAMLSTILYSR	1.5	Not found
FGIVTSSAGTGTTEDTEAK	0.5	Not found
EIVEVKEENIEDATEK	0.5	Not found
KLEHLITELVHQR	1.0	Not found
GLAITFVSDENDAK	0.5	Not found
GLAITFVSDENDAK	0.5	Not found
IIFVVGGPGSGK	0.5	Not found
AGTFQAFEQFGQQLLAHGHYASPEIK	0.5	Not found
AQLGVQAFADALLIIPK	0.5	Not found
VQDDEVGDGTTSVTVLAAELLR	2.0	Not found
AQLGVQAFADALLIIPK	0.5	Not found
NQAVQFISALVDELK	0.5	Not found
LGELLFPSSLAGETLGSFSGLR	0.5	Not found
KLFIGGLSFETTEESLR	0.5	Not found
GLENPLPERPR	1.0	Not found
LFVGNLPADITEDEFKR	0.5	Not found
FGGEHVPNSPFQVTALAGDQPSVQPPLR	0.5	Not found
LFSSVTFETVEESK	0.5	Not found
LDYGQHVVAGTPGR	0.5	Not found
HLYTLDGGDIINALCFSPNR	0.5	Not found
YMNSGPVVAMVWEGLNVVK	0.5	Not found
LASYLTRVR	0.5	Not found
VNVVEALQEFWQMK	0.5	Not found
FMQDASDVMQLLLK	1.0	Not found
THINIVVIGHVDSGK	0.5	Not found
DLYANTVLSGGTTMYPGIADR	0.5	Not found
YYTSASGDEMVSLK	2.0	Not found
VTNLSEDTR	0.5	Not found
SKAEAESLYQSK	0.5	Not found
DQHDTFFLRDPAEALQLPMDYVQR	1.0	Not found
MFGIDRDAIAQAVR	0.5	Not found
MFGIDRDAIAQAVR	0.5	Not found
VVIEACDELGIILAHTNLR	0.5	Not found
DTVATQLSEAVDATR	0.5	Not found
LLQEALEAEER	0.5	Not found
FMQDASNVMQLLLK	1.0	Not found
NILDSKPTANK	0.5	Not found
LGFAGLVQEISFGTTK	0.5	Not found
TPEQCPSVVSLLSESYNPHVR	0.5	Not found
TNLLLQAHLSR	0.5	Not found
SIRPGLSPYR	0.5	Not found
VPTANVSVVDLTCR	0.5	Not found
VWLWTACDFADGER	1.0	Not found
KVEEAEPEEFVVEK	1.0	Not found
AFSQFVRPLIAAK	0.5	Not found
WYEWLDPSIK	0.5	Not found
ADIEVACYGYEGIDAVK	1.5	Not found
TMPNILDDIIASVVENK	0.5	Not found
VWDAVSGDELMTLAHK	0.5	Not found
AAVPSGASTGIYEALELR	1.5	Not found
AAVPSGASTGIYEALELR	1.0	Not found
KEDLYLKPIQR	0.5	Not found
EIADGLCLEVEGK	0.5	Not found
MWSIENIAFGSGGGLLQK	0.5	Not found
DFFQSYGNVVELR	0.5	Not found
FYQGFLFSEKPEK	0.5	Not found
NLTNPNTVIILIGNK	0.5	Not found
EYLLGSTAEEK	1.0	Not found
ATAGDTHLGGEDFDNR	0.5	Not found
NEVLMVNIGSLSTGGR	0.5	Not found
NTTGVTEEALK	0.5	Not found
LNPQEYLTSTACR	1.0	Not found
LALDLEIATYR	0.5	Not found
LALDLEIATYR	0.5	Not found
EGVHGGLINK	0.5	Not found
ITGEAFVQFASQELAEK	0.5	Not found
ITGEAFVQFASQELAEK	0.5	Not found
ITGEAFVQFASQELAEK	0.5	Not found
ITGEAFVQFASQELAEK	1.0	Not found
TATESFASDPILYR	1.0	Not found
SALSGHLETVILGLLK	0.5	Not found
GFGTDEQAIVDVVANR	0.5	Not found
AGTFQAFEQFGQQLLAHGHYASPEIK	0.5	Not found
VEESGEHVILGTGELYLDCVMHDLR	0.5	Not found
RDEPTGEVLSLVGK	1.0	Not found
SGGTEGLLAEKLEALITQTR	0.5	Not found
YCELPVECK	0.5	Not found
LFTLPLLHYLEVSGCGSLR	0.5	Not found
QNLSKEELIAELQDCEGLIVR	0.5	Not found
QNLSKEELIAELQDCEGLIVR	0.5	Not found
LESEEEGVPSTAIR	0.5	Not found
LESEEEGVPSTAIR	0.5	Not found
DSLDPSFTHAMQLLTAEIEK	0.5	Not found
LIEGLSHEVIVSAACGR	0.5	Not found
DYYFALAHTVR	0.5	Not found
VPSTEAEALASSLMGLFEK	0.5	Not found
LNDLEDALQQAK	0.5	Not found
VPSTEAEALASSLMGLFEK	0.5	Not found
AYEAAASALQIATHTAFVAK	0.5	Not found
SLIDNFALNPDILCSAK	0.5	Not found
GYSYDLEVEQAYDLAR	0.5	Not found
IAPVHIDTESISALIK	0.5	Not found
LGSTAIGIQTSEGVCLAVEK	0.5	Not found
NHTLALTETGSVFAFGENK	0.5	Not found
FVYVWDTTSR	0.5	Not found
IETAQQFFSWFAK	0.5	Not found
LAMQEFMILPVGAANFR	2.0	Not found
IINDLLQSLR	0.5	Not found
LVGLKK	1.5	Not found
EYFSWEGAFQHVGK	0.5	Not found
YTPSGQAGAAASESLFVSNHAY	1.0	Not found
YSIAITWGGHHIPK	0.5	Not found
SLTLFVTHYPPVCELEK	0.5	Not found
RSSPVYVGR	0.5	Not found
AAQEEYVKR	0.5	Not found
SYLFNIMDTPGHVNFSDEVTAGLR	0.5	Not found
FLEQQNKVLETK	1.0	Not found
FLEQQNKVLETK	0.5	Not found
FLEQQNKVLETK	0.5	Not found
FLEQQNKVLETK	1.5	Not found
FLEQQNKVLETK	1.0	Not found
FLEQQNKVLETK	1.0	Not found
WVELAK	0.5	Not found
FLTALAQDGVINEEALSVTELDR	0.5	Not found
SWLPQNCTLVDMK	1.0	Not found
LVSIGAEEIVDGNVK	1.5	Not found
TTQVPQFILDDFIQNDR	0.5	Not found
RVAAMSVAQR	0.5	Not found
RVAAMSVAQR	0.5	Not found
RVAAMSVAQR	1.0	Not found
GYAFIEYEHER	0.5	Not found
GYAFIEYEHER	0.5	Not found
NLYSDDIPHALR	0.5	Not found
APLQGDHNHLFIR	1.5	Not found
IAALQAFADQLIAAGHYAK	0.5	Not found
LAILGIHNEVSK	0.5	Not found
HQALQAEIAGHEPR	1.0	Not found
LMHQAALLGQALQDSR	0.5	Not found
SACEQFIQQQTK	0.5	Not found
STAGDTHLGGEDFDNR	0.5	Not found
THNDIIHNENMR	0.5	Not found
LFIGGLSFETTEESLR	0.5	Not found
YNIIPVLSDILQESVK	0.5	Not found
YNIIPVLSDILQESVK	0.5	Not found
YQQGDFGYCPR	0.5	Not found
YQQGDFGYCPR	0.5	Not found
RLNVWDLSK	1.0	Not found
MNFESFVK	0.5	Not found
EYFGGFGEVESIELPMDNK	1.0	Not found
LASHLNLAMCHLK	0.5	Not found
ALQDEWDAVMLHSFTLR	0.5	Not found
DSLIQSLATQLELDGFER	0.5	Not found
NHTLALTETGSVFAFGENK	0.5	Not found
NHTLALTETGSVFAFGENK	1.0	Not found
NHTLALTETGSVFAFGENK	0.5	Not found
IHQIEYAMEAVK	0.5	Not found
NMITGTSQADCAVLIVAAGVGEFEAGISK	0.5	Not found
SKDDQVTVIGAGVTLHEALAAAELLKK	1.0	Not found
STFVLDEFKR	0.5	Not found
YSEKEDKYEEEIK	0.5	Not found
KVNQTVAALK	0.5	Not found
EAAENSLVAYK	0.5	Not found
LCSLEEAQR	0.5	Not found
INALTAASEAACLIVSVDETIKNPR	0.5	Not found
LIAQACVSIFPDSGHFNVDNIR	1.5	Not found
INALTAASEAACLIVSVDETIKNPR	0.5	Not found
ACANPAAGSVILLENLR	1.0	Not found
IDVTAPDVSIEEPEGK	0.5	Not found
EYFGGFGEVESIELPMDNK	5.0	Not found
SLYQSAGVAPESFEYIEAHGTGTK	0.5	Not found
EYFGGFGEVESIELPMDNK	3.5	Not found
LFVTNDAATILR	0.5	Not found
NFPNAIEHTLQWAR	1.0	Not found
HSEAATAQREEWK	0.5	Not found
TQTSMSLGTTR	0.5	Not found
FSFDLGKGEVIK	0.5	Not found
HSEAATAQREEWK	0.5	Not found
VPVKDVVDPSK	0.5	Not found
FCDNSSAIQGK	0.5	Not found
MAKPEEVLVVENDQGEVVR	1.5	Not found
TAFQEALDAAGDK	0.5	Not found
EGIPALDNFLDKL	0.5	Not found
NYLLSLPHK	0.5	Not found
SLEAQVAHADQQLR	0.5	Not found
TLLADKGEIR	1.0	Not found
TLLADKGEIR	0.5	Not found
TLLADKGEIR	0.5	Not found
TLLADKGEIR	0.5	Not found
TLLADKGEIR	1.0	Not found
TLLADKGEIR	1.0	Not found
TLLADKGEIR	0.5	Not found
TLLADKGEIR	0.5	Not found
TLLADKGEIR	1.0	Not found
TLLADKGEIR	0.5	Not found
TLLADKGEIR	0.5	Not found
NHTLALTETGSVFAFGENK	0.5	Not found
NSNLVGAAHEELQQSR	0.5	Not found
SYELPDGQVITIGNER	0.5	Not found
FGEVVDCTLK	0.5	Not found
INEAIVAVQAIIADPK	0.5	Not found
FGATLEIVTDK	1.0	Not found
VLIGGDETPEGQR	0.5	Not found
DWHRPCLK	0.5	Not found
TSLFEEDKEDDLFAIAK	0.5	Not found
RFPVAPLIPYPLITK	1.0	Not found
QEIECQNQEYSLLLSIK	0.5	Not found
AQNDLIWNIKDELKK	0.5	Not found
SPDGAHLTWEPPSVTSGK	0.5	Not found
RPVPPEVAQQYQDIMQR	0.5	Not found
HAEMVHTGLK	0.5	Not found
EKLEMEMEAAR	0.5	Not found
NAIDDGCVVPGAGAVEVAMAEALIK	1.5	Not found
ASLNGADIYSGCCTLK	0.5	Not found
ATAGDTHLGGEDFDNR	0.5	Not found
LVSDDLDSSLANLVGNLGIGNGTTK	0.5	Not found
DKSDSPAIQLR	0.5	Not found
SGVSLAALKK	0.5	Not found
LVNHFVEEFK	0.5	Not found
LFIGGLSFETTEESLR	0.5	Not found
SPAGLQVLNDYLADK	0.5	Not found
IDMNLTDLLGELQRDPWPVTQGK	0.5	Not found
SPAGLQVLNDYLADK	0.5	Not found
SPAGLQVLNDYLADK	0.5	Not found
SPAGLQVLNDYLADK	0.5	Not found
VAPEEHPVLLTEAPLNPK	0.5	Not found
VAPEEHPVLLTEAPLNPK	0.5	Not found
VDINAPDVGVQGPDWHLK	0.5	Not found
VAPEEHPVLLTEAPLNPK	0.5	Not found
VQASLAANTFTITGHAETK	0.5	Not found
AVGDGILCNTYIDSYK	0.5	Not found
IGPILDNSTLQSEVKPILEK	0.5	Not found
SVLDAAQIVGLNCLR	1.0	Not found
DLGEELEALKTELEDTLDSTAAQQELR	0.5	Not found
TLESVDPLGGLNTIDILTAIR	0.5	Not found
ELPGFLQSGK	0.5	Not found
EALLSSAVDHGSDEVK	0.5	Not found
YVATLGVEVHPLVFHTNR	0.5	Not found
SSACFTLQELK	0.5	Not found
AQYEEIARK	0.5	Not found
AQYEEIARK	0.5	Not found
AHVLAASVEQATENFLEK	0.5	Not found
ALQNAVTTFVNR	1.0	Not found
ALQNAVTTFVNR	0.5	Not found
EAGEQGDIEPR	0.5	Not found
DDGVFVQEVTQNSPAAR	0.5	Not found
DGQILPVPNVVVR	0.5	Not found
KIQELFHVEPGLQR	0.5	Not found
LYQGINQLPNVIQALEK	0.5	Not found
ALFGIFIPSQR	0.5	Not found
DVATVAFCDAQSTQEIHEK	0.5	Not found
KHPDASVNFSEFSKK	0.5	Not found
IYVASVHQDLSDDDIK	0.5	Not found
RPAEDMEEEQAFKR	0.5	Not found
IILDLISESPIK	0.5	Not found
AGNILFTLDGDIK	0.5	Not found
DILCGAADEVLAVLK	0.5	Not found
SDRPAYVTILSLVR	0.5	Not found
DILCGAADEVLAVLK	1.5	Not found
ISHLFFHK	0.5	Not found
IWHTQLLPGGLQGLILNPIFR	0.5	Not found
EVYAAAAEVLGLILR	0.5	Not found
DEPDWESLIFLAR	1.0	Not found
VFNVFCLYGNVEK	1.5	Not found
DEPDWESLIFLAR	1.0	Not found
FSSYYLSLPPEMR	0.5	Not found
VFNVFCLYGNVEK	0.5	Not found
EVYAAAAEVLGLILR	0.5	Not found
KLYTGPGLAIHCMQVHK	0.5	Not found
LSVADSQAEAK	0.5	Not found
LLPLLQEALSAYFDSMK	0.5	Not found
ALLQAILQTEDMLK	0.5	Not found
ALLQAILQTEDMLK	1.0	Not found
GGIVDEGALLR	0.5	Not found
SLVEASSSGVSVLSLCEK	2.0	Not found
QAEEQIEHLQR	1.0	Not found
LLEQWEKDDDIEEGDLPEHK	0.5	Not found
INALTAASEAACLIVSVDETIK	2.0	Not found
LPGPAPDKPNVYDFK	0.5	Not found
VAPEEHPVLLTEAPLNPK	1.0	Not found
YFILPDSLPLDTLLVDVEPK	0.5	Not found
GYSFTTTAER	0.5	Not found
VAPEEHPVLLTEAPLNPK	1.0	Not found
GILAADESTGSIAK	0.5	Not found
AGLLHNILPSQSTDLHHSVGTELLSLVYK	0.5	Not found
VSLDVNHFAPDELTVK	0.5	Not found
HSSLAGCQIINYR	1.5	Not found
SPPLSPVGTTPVK	1.0	Not found
VQDDEVGDGTTSVTVLAAELLR	0.5	Not found
LPIDVTEGEVISLGLPFGK	0.5	Not found
HLMLPDFDLLEDIESK	0.5	Not found
KTEPATGFIDGDLIESFLDISRPK	0.5	Not found
HLMLPDFDLLEDIESK	0.5	Not found
LLIHQSLAGGIIGVK	0.5	Not found
STTTGHLIYK	0.5	Not found
AGQVVTIWAAGAGATHSPPTDLVWK	0.5	Not found
GFGFVTFDDHDPVDK	1.0	Not found
GFGFVTFDDHDPVDK	0.5	Not found
VVTVFSVADGYSENNVFYGHHAK	0.5	Not found
VAVEEVDEEGK	0.5	Not found
GPTPFNQNQLHQLR	0.5	Not found
DSPSVWAAVPGK	0.5	Not found
KNHEEEMNALR	1.0	Not found
DLSSVQTLLTK	1.0	Not found
TFEQLHSTIGHQALEDILPFLLK	0.5	Not found
ITGMLLEIDNSELLHMLESPESLR	0.5	Not found
ACANPAAGSVILLENLR	0.5	Not found
NCPHVVVGTPGR	0.5	Not found
RLPENLYNDRMFR	0.5	Not found
AVMHFLVNHVK	0.5	Not found
EYFSWEGAFQHVGK	0.5	Not found
EYFSWEGAFQHVGK	0.5	Not found
AGEAGKLEEVMQELR	0.5	Not found
SQIHDIVLVGGSTR	0.5	Not found
GVSTFMAEMLETASILR	0.5	Not found
ELQDAQEHDAR	1.5	Not found
LAGTQPLEVLEAVQR	0.5	Not found
FAQPGSFEYEYAMR	0.5	Not found
ENEFSFEDNAIR	0.5	Not found
NRPLSDEELDAMFPEGYK	0.5	Not found
SAIDLEEMASGLNKR	1.0	Not found
FGTVLTEHVAAAELGAR	0.5	Not found
TQQAAQANITLQEQIEAIHK	0.5	Not found
AQYEEIAQR	0.5	Not found
AQYEEIAQR	0.5	Not found
FNFGEEEFKFPPK	1.0	Not found
HIAVFPCK	0.5	Not found
ILVATNLFGR	0.5	Not found
VSGGLEVLAEK	0.5	Not found
GTLDPVEK	0.5	Not found
LFIGGLSFETTEESLR	2.0	Not found
IGEHTPSALAIMENANVLAR	0.5	Not found
NPAVLSAASFDGR	0.5	Not found
LFVGNLPADITEDEFKR	0.5	Not found
IHYLDTTTLIEPAPR	0.5	Not found
EEQCILYLGPR	0.5	Not found
FGQAATMEGIGAIGGTPPAFNR	0.5	Not found
ANDDIIVNWVNR	0.5	Not found
LFIGGLSFETTEESLR	1.0	Not found
AGFAALQLEYFFTAGPDEVR	0.5	Not found
KKEPELFQTVAEGLR	0.5	Not found
KKEPELFQTVAEGLR	0.5	Not found
GGDGIKPPPIIGR	0.5	Not found
SVDPDSPAEASGLR	0.5	Not found
FICTTSAIQNR	0.5	Not found
HEHQVMLMR	0.5	Not found
LILEVHQFSR	0.5	Not found
TSIFWNDVKDPVSIEER	0.5	Not found
TSIFWNDVKDPVSIEER	0.5	Not found
TYEAALETIQNMSK	0.5	Not found
VNPCIGGVILFHETLYQK	1.0	Not found
VNPCIGGVILFHETLYQK	0.5	Not found
AAVEWFDGK	0.5	Not found
IIVENLFYPVTLDVLHQIFSK	0.5	Not found
VQASLAANTFTITGHAETK	0.5	Not found
AETPTESVSEPEVATK	0.5	Not found
DPNSPLYSVK	0.5	Not found
SLQSLEASLHAMESTR	0.5	Not found
GALTGGYYDTR	0.5	Not found
FLEQQNKVLETK	1.0	Not found
FLEQQNKVLETK	1.0	Not found
FLEQQNKVLETK	0.5	Not found
FLEQQNKVLETK	3.0	Not found
FLEQQNKVLETK	1.0	Not found
FLEQQNKVLETK	0.5	Not found
FLEQQNKVLETK	0.5	Not found
FLEQQNKVLETK	0.5	Not found
FLEQQNKVLETK	0.5	Not found
FLEQQNKVLETK	1.5	Not found
FLEQQNKVLETK	0.5	Not found
FLEQQNKVLETK	1.0	Not found
FLEQQNKVLETK	0.5	Not found
FLEQQNKVLETK	1.0	Not found
FLEQQNKVLETK	0.5	Not found
FLEQQNKVLETK	1.0	Not found
FLEQQNKVLETK	1.5	Not found
FLEQQNKVLETK	1.0	Not found
FLEQQNKVLETK	0.5	Not found
FLEQQNKVLETK	2.0	Not found
FLEQQNKVLETK	1.0	Not found
FLEQQNKVLETK	2.5	Not found
FLEQQNKVLETK	1.5	Not found
FLEQQNKVLETK	1.0	Not found
FLEQQNKVLETK	1.0	Not found
FLEQQNKVLETK	1.0	Not found
FLEQQNKVLETK	1.0	Not found
FLEQQNKVLETK	2.5	Not found
FLEQQNKVLETK	1.5	Not found
FLEQQNKVLETK	1.0	Not found
FLEQQNKVLETK	0.5	Not found
FLEQQNKVLETK	1.0	Not found
FLEQQNKVLETK	1.0	Not found
FLEQQNKVLETK	0.5	Not found
FLEQQNKVLETK	0.5	Not found
THLSLSHNPEQK	0.5	Not found
FLEQQNKVLETK	0.5	Not found
THLSLSHNPEQK	0.5	Not found
FLEQQNKVLETK	0.5	Not found
FLEQQNKVLETK	1.5	Not found
FLEQQNKVLETK	0.5	Not found
FLEQQNKVLETK	1.0	Not found
FLEQQNKVLETK	1.0	Not found
FLEQQNKVLETK	0.5	Not found
FLEQQNKVLETK	0.5	Not found
THLSLSHNPEQK	0.5	Not found
FLEQQNKVLETK	1.0	Not found
FLEQQNKVLETK	1.5	Not found
ILAQDVAQLK	0.5	Not found
ILAQDVAQLK	1.0	Not found
GALALAQAVQR	0.5	Not found
LLDVIHTENK	0.5	Not found
KLLEPVDHGK	0.5	Not found
AAFDDAIAELDTLSEESYK	0.5	Not found
PQYQTWEEFSR	0.5	Not found
NFEHLIPDAPELIHDFLVNEK	0.5	Not found
TDLFYER	1.0	Not found
LTFSCLGGSDNFK	0.5	Not found
IPETYPFNPPK	0.5	Not found
FLDLIPQDTLAVASFR	1.0	Not found
MEELHNQEVQKR	0.5	Not found
FGQAATMEGIGAIGGTPPAFNR	3.5	Not found
FEEMIQQIK	0.5	Not found
FGQAATMEGIGAIGGTPPAFNR	5.0	Not found
WCNEHLK	0.5	Not found
MEELHNQEVQKR	0.5	Not found
LVPLLDTGDIIIDGGNSEYR	1.0	Not found
LLIHQSLAGGIIGVK	0.5	Not found
ELHSTATQLAADLLK	0.5	Not found
LALVTGGEIASTFDHPELVK	0.5	Not found
RLPILPTLLTTLEVSLR	0.5	Not found
THINIVVIGHVDSGK	0.5	Not found
NDQCYDDIR	0.5	Not found
NKKFVYSHPKLK	0.5	Not found
HKDAAIYLVTSLASK	0.5	Not found
SQACGGNLGSIEELR	0.5	Not found
LFIGGLSFETTEESLR	0.5	Not found
THINIVVIGHVDSGK	0.5	Not found
MQQQLDEYQELLDIK	0.5	Not found
KSSTSSDNFKALLLK	0.5	Not found
AAPGAEFAPNKR	0.5	Not found
VAAMSVAAR	0.5	Not found
QITSYGETCPGLEQYAIK	0.5	Not found
EDPFVFIPEDDPLFPPIEK	0.5	Not found
QVQSQAHGLQMR	0.5	Not found
AVLNNVIFCHQEDSNWPLSEGK	0.5	Not found
NFDVGHVPIR	0.5	Not found
HENVIGLLDVFTPAR	0.5	Not found
HPSVESVVQCEIDEDVIQVSK	0.5	Not found
RPLPLLPSSR	0.5	Not found
KLFIGGLSFETTDESLR	0.5	Not found
GKPDLNTALPVR	0.5	Not found
SNLMDAISFVLGEK	0.5	Not found
LLIHQSLAGGIIGVK	1.0	Not found
FDSLTDLVEHYK	0.5	Not found
DTSEDIEELVEPVAAHGPK	0.5	Not found
DTSEDIEELVEPVAAHGPK	0.5	Not found
FLLSLPEHR	0.5	Not found
KLEAELLQIEER	0.5	Not found
SIPSLVDGFKPGQR	1.0	Not found
THINIVVIGHVDSGK	0.5	Not found
VQIEHISSLIK	0.5	Not found
THINIVVIGHVDSGK	1.5	Not found
KVLISDSLDPCCR	0.5	Not found
KVLISDSLDPCCR	0.5	Not found
GVFNVQMEPK	0.5	Not found
HIADLAGNSEVILPVPAFNVINGGSHAGNK	0.5	Not found
IVDDLKDEAEQYR	0.5	Not found
LAGESESNLR	0.5	Not found
EPLVDVVDPK	0.5	Not found
GAVHQLCQSLAGK	0.5	Not found
GVGTDEACLIEILASR	0.5	Not found
NVALLSQLYHSPAR	1.0	Not found
VNQIGSVTESLQACK	0.5	Not found
LFVGGLDWSTTQETLR	1.5	Not found
GVGTDEACLIEILASR	0.5	Not found
GVGTDEACLIEILASR	0.5	Not found
LFVGGLDWSTTQETLR	0.5	Not found
VNQIGSVTESLQACK	0.5	Not found
SVPTSTVFYPSDGVATEK	2.0	Not found
VNQIGSVTESLQACK	1.0	Not found
LFVGGLDWSTTQETLR	1.5	Not found
LGYFPGQCEWIYCPGDAISSVAASEK	1.0	Not found
YNFPVEVEVPMER	0.5	Not found
YLAEKYEWDVAEAR	0.5	Not found
VNPCIGGVILFHETLYQK	0.5	Not found
YLAEKYEWDVAEAR	0.5	Not found
FSHEEIAMATVTALR	0.5	Not found
VNPCIGGVILFHETLYQK	0.5	Not found
LFVGGLSFDTNEQSLEQVFSK	1.5	Not found
PLVLPSPLVTPGSNSQER	0.5	Not found
KEPVDEDLYPEHYRK	1.0	Not found
ACANPAAGSVILLENLR	1.5	Not found
ALESPERPFLAILGGAK	1.0	Not found
ACANPAAGSVILLENLR	0.5	Not found
ALESPERPFLAILGGAK	0.5	Not found
TANDMIHAENMR	0.5	Not found
IQDYDVSLDK	0.5	Not found
SSNSLVFQTLPR	0.5	Not found
TEVIQLEDTLAQVR	0.5	Not found
SGSMDPSGAHPSVR	0.5	Not found
IAELLTELHQLIK	0.5	Not found
VFNETPINPR	0.5	Not found
GFFDPNTHENLTYLQLLQR	1.0	Not found
RPTELLSNPQFIVDGATR	0.5	Not found
ELPETDADLKR	0.5	Not found
PFGSEEQLLPVEK	0.5	Not found
FALITWIGENVSGLQR	1.0	Not found
FALITWIGENVSGLQR	1.5	Not found
HIGLVYSGMGPDYR	1.0	Not found
IIGVHQEDELLECLSPATSR	0.5	Not found
VNNSTMLGASGDYADFQYLK	0.5	Not found
LGLTLNKDR	0.5	Not found
MLFKDDYPSSPPK	0.5	Not found
DLTLEENQVK	0.5	Not found
KDGNASGTTLLEALDCILPPTRPTDKPLR	0.5	Not found
IEEDFPHIR	0.5	Not found
ALTVPELTQQMFDAK	0.5	Not found
ACAELHQNVNVK	1.0	Not found
SFYPEEVSSMVLTK	0.5	Not found
EAQNLAFTGLNLVAR	0.5	Not found
SQIHDIVLVGGSTR	0.5	Not found
TKVEAFQTTISK	1.0	Not found
KYVATLGVEVHPLVFHTNR	1.0	Not found
KYVATLGVEVHPLVFHTNR	1.5	Not found
KYVATLGVEVHPLVFHTNR	0.5	Not found
FEVLHGREAKVTETAR	0.5	Not found
ELFVQSEIFPLETPAFAIK	0.5	Not found
KYVATLGVEVHPLVFHTNR	0.5	Not found
VAPEEHPVLLTEAPLNPK	1.0	Not found
YDQDLCYTDILFTEQER	0.5	Not found
FLEQQNQVLQTK	0.5	Not found
FLEQQNQVLQTK	1.0	Not found
FLEQQNQVLQTK	0.5	Not found
FLEQQNQVLQTK	1.0	Not found
FLEQQNQVLETK	1.0	Not found
FLEQQNQVLQTK	1.0	Not found
FLEQQNQVLETK	0.5	Not found
FLEQQNQVLQTK	0.5	Not found
FLEQQNQVLQTK	0.5	Not found
FLEQQNQVLQTK	0.5	Not found
FLEQQNQVLQTK	0.5	Not found
FLEQQNQVLQTK	0.5	Not found
FLEQQNQVLQTK	1.0	Not found
FLEQQNQVLQTK	0.5	Not found
FLEQQNQVLQTK	1.0	Not found
FLEQQNQVLETK	0.5	Not found
FLEQQNQVLQTK	2.0	Not found
FLEQQNQVLQTK	1.0	Not found
FLEQQNQVLQTK	2.0	Not found
FLEQQNQVLQTK	1.0	Not found
FLEQQNQVLETK	0.5	Not found
FLEQQNQVLQTK	3.0	Not found
FLEQQNQVLQTK	1.5	Not found
FLEQQNQVLETK	0.5	Not found
FLEQQNQVLQTK	2.5	Not found
FLEQQNQVLQTK	1.0	Not found
FLEQQNQVLQTK	1.0	Not found
FLEQQNQVLETK	1.0	Not found
FLEQQNQVLQTK	1.0	Not found
FLEQQNQVLQTK	1.5	Not found
FLEQQNQVLQTK	1.0	Not found
FLEQQNQVLQTK	1.0	Not found
FLEQQNQVLETK	2.0	Not found
FLEQQNQVLQTK	2.5	Not found
FLEQQNQVLETK	1.5	Not found
FLEQQNQVLETK	1.0	Not found
FLEQQNQVLETK	0.5	Not found
FLEQQNQVLQTK	1.5	Not found
FLEQQNQVLETK	0.5	Not found
FLEQQNQVLQTK	1.0	Not found
FLEQQNQVLQTK	1.0	Not found
FLEQQNQVLETK	1.0	Not found
FLEQQNQVLQTK	0.5	Not found
FLEQQNQVLQTK	1.0	Not found
FLEQQNQVLQTK	1.0	Not found
FLEQQNQVLQTK	1.5	Not found
FLEQQNQVLQTK	0.5	Not found
FLEQQNQVLQTK	0.5	Not found
FLEQQNQVLQTK	0.5	Not found
FLEQQNQVLQTK	1.0	Not found
FLEQQNQVLQTK	1.0	Not found
FLEQQNQVLQTK	1.0	Not found
FLEQQNQVLQTK	1.5	Not found
FLEQQNQVLQTK	0.5	Not found
FLEQQNQVLQTK	0.5	Not found
FLEQQNQVLQTK	0.5	Not found
FLEQQNQVLQTK	0.5	Not found
KFLDGNEMTLADCNLLPK	1.0	Not found
LPDGTSLTQTFR	1.0	Not found
LPDGTSLTQTFR	0.5	Not found
VAPEEHPTLLTEAPLNPK	0.5	Not found
VAPEEHPTLLTEAPLNPK	0.5	Not found
NIPPYFVALVPQEEELDDQK	0.5	Not found
VQSYEKEEDLLQAWSTFIR	0.5	Not found
VAPDEHPILLTEAPLNPK	0.5	Not found
SPNEEYTWEEDPLAGIIPR	0.5	Not found
HGINCFINR	0.5	Not found
VAPDEHPILLTEAPLNPK	0.5	Not found
VQSYEKEEDLLQAWSTFIR	0.5	Not found
VAPEEHPTLLTEAPLNPK	0.5	Not found
QAFHMEQLK	0.5	Not found
VAPDEHPILLTEAPLNPK	0.5	Not found
VAPDEHPILLTEAPLNPK	0.5	Not found
VAPDEHPILLTEAPLNPK	0.5	Not found
DESSPYAAMLAAQDVAQR	0.5	Not found
QVVISPQVSR	0.5	Not found
TLLADQGEIR	0.5	Not found
TLLADQGEIR	1.0	Not found
TLLADQGEIR	1.0	Not found
TLLADQGEIR	0.5	Not found
TLLADQGEIR	1.0	Not found
TLLADQGEIR	1.0	Not found
TLLADQGEIR	0.5	Not found
TLLADQGEIR	0.5	Not found
VTYVVLDEADR	0.5	Not found
TLLADQGEIR	0.5	Not found
TLLADQGEIR	0.5	Not found
TLLADQGEIR	0.5	Not found
TNIIPVIEDAR	0.5	Not found
TNIIPVIEDAR	0.5	Not found
SFYLNYEEKDSEDQVLPPPLEERK	0.5	Not found
LTTDFNVIVEALSK	2.0	Not found
HLEINPDHPIVETLR	0.5	Not found
ICNEILTSPCSPEIR	0.5	Not found
GLYSDTELQQCLAAAQAASQHVFR	0.5	Not found
SQLIDELADKFNR	0.5	Not found
GLYSDTELQQCLAAAQAASQHVFR	1.0	Not found
EQQAQVEKEDFSDMVAEHAAK	0.5	Not found
HGVQELEIELQSQLSK	0.5	Not found
TKAPDDLVAPVVK	1.0	Not found
NVIDGDLCEQFNSMEPNK	0.5	Not found
LLAEGHPDPDAELQR	1.0	Not found
GTVLAEDQLAQMSK	0.5	Not found
RVAAMSVAKR	0.5	Not found
EFPIKRVMGPDFGYVTR	0.5	Not found
HTQLEQMFR	1.0	Not found
RVAAMSVAKR	1.0	Not found
RVAAMSVAKR	0.5	Not found
VDIETPNLEGTLTGPR	1.0	Not found
AQNDLIWNIKDELK	0.5	Not found
GQNLLLTNLQTIQGILER	0.5	Not found
LDGEIIPHIPANQEVLNK	0.5	Not found
CLYASVLTAQPR	0.5	Not found
IGAEVYHNLK	0.5	Not found
GALQYLVPILTQTLTK	0.5	Not found
NNQFQALLQYADPVSAQHAK	0.5	Not found
NEAGIVSCTAR	0.5	Not found
NHTLALTETGSVFAFGENK	0.5	Not found
NHTLALTETGSVFAFGENK	0.5	Not found
SQYEQLAEQNRK	0.5	Not found
TVPPAVTGITFLSGGQSEEEASINLNAINK	0.5	Not found
LVAEDLSQDCFWTK	0.5	Not found
FIDTGFSLPFYK	0.5	Not found
NLCDLGIVDPYPPLCDIK	0.5	Not found
VMEMYQPSAVVLQCGADSLSGDR	1.0	Not found
ICSWSLDMLSHPQDSMELVHK	0.5	Not found
VVPIASLTPYQSK	0.5	Not found
DILCGAADEVLAVLK	0.5	Not found
VFNVFCLYGNVEK	0.5	Not found
TAAGLMHTFNAHAATDITGFGILGHAQNLAK	0.5	Not found
GPEPGPQPTMEGDVLDTLEALGYK	0.5	Not found
NFQNIFPPSATLHLSNIPPSVSEEDLK	1.0	Not found
NFQNIFPPSATLHLSNIPPSVSEEDLK	0.5	Not found
IGEHTPSALAIMENANVLAR	1.5	Not found
DKEVSDDEAEEKEDKEEEKEKEEK	0.5	Not found
GAVEAELDPVEYTLR	0.5	Not found
TFTTQETITNAETAK	0.5	Not found
LQAVEVVITHLAPGTK	0.5	Not found
TYHALSNLPK	0.5	Not found
YFHVVIAGPQDSPFEGGTFK	0.5	Not found
GVDEVTIVNILTNR	0.5	Not found
HLYTLDGGDIINALCFSPNR	0.5	Not found
LSCFAQTVSPAEK	0.5	Not found
VGLPLLSPEFLLTGVLK	0.5	Not found
ALNHEIEELEK	0.5	Not found
LSAKPAPPKPEPRPK	1.0	Not found
ALDQASEEIWNDFR	0.5	Not found
VQASLAANTFTITGHAETK	1.0	Not found
VQASLAANTFTITGHAETK	0.5	Not found
VQASLAANTFTITGHAETK	1.0	Not found
LAAIIPDPVVAPSIVPVLK	0.5	Not found
FTASAGIQVVGDDLTVTNPK	1.0	Not found
DLADELALVDVIEDKLK	0.5	Not found
FTASAGIQVVGDDLTVTNPK	1.5	Not found
TKEELEAEKR	1.0	Not found
FLEQQNKVLETK	1.0	Not found
FLEQQNKVLETK	0.5	Not found
FLEQQNKVLETK	1.0	Not found
FLEQQNKVLETK	1.0	Not found
FLEQQNKVLETK	0.5	Not found
FLEQQNKVLETK	0.5	Not found
FLEQQNKVLETK	0.5	Not found
FLEQQNKVLETK	0.5	Not found
FLEQQNKVLETK	0.5	Not found
FLEQQNKVLETK	0.5	Not found
FLEQQNKVLETK	1.0	Not found
FLEQQNKVLETK	2.0	Not found
FLEQQNKVLETK	0.5	Not found
FLEQQNKVLETK	1.0	Not found
FLEQQNKVLETK	2.0	Not found
FLEQQNKVLETK	1.0	Not found
FLEQQNKVLETK	1.5	Not found
FLEQQNKVLETK	1.0	Not found
FLEQQNKVLETK	0.5	Not found
FLEQQNKVLETK	1.5	Not found
FLEQQNKVLETK	1.0	Not found
FLEQQNKVLETK	1.0	Not found
FLEQQNKVLETK	1.0	Not found
FLEQQNKVLETK	1.0	Not found
FLEQQNKVLETK	1.0	Not found
FLEQQNKVLETK	0.5	Not found
FLEQQNKVLETK	0.5	Not found
FLEQQNKVLETK	2.0	Not found
FLEQQNKVLETK	1.0	Not found
FLEQQNKVLETK	1.0	Not found
FLEQQNKVLETK	0.5	Not found
FLEQQNKVLETK	0.5	Not found
FLEQQNKVLETK	0.5	Not found
FLEQQNKVLETK	1.5	Not found
FLEQQNKVLETK	0.5	Not found
FLEQQNKVLETK	1.0	Not found
FLEQQNKVLETK	1.5	Not found
FLEQQNKVLETK	0.5	Not found
FLEQQNKVLETK	0.5	Not found
FLEQQNKVLETK	1.5	Not found
FLEQQNKVLETK	0.5	Not found
FLEQQNKVLETK	0.5	Not found
FLEQQNKVLETK	1.0	Not found
TDVNKIEEFLEEVLCPPK	0.5	Not found
DFAAEVVHPGDLK	0.5	Not found
VDINAPDVDVQGPDWHLK	0.5	Not found
ATENDIYNFFSPLNPVR	0.5	Not found
ALYDTFSAFGNILSCK	1.0	Not found
STGEAFVQFASQEIAEK	0.5	Not found
YSQKEDKYEEEIK	0.5	Not found
IMEVIDAITTTAQSHQR	0.5	Not found
LALCQPPGPELPK	0.5	Not found
DIAWTEDSKR	1.0	Not found
DIAWTEDSKR	0.5	Not found
KQISNLQQSISDAEQR	0.5	Not found
DIAWTEDSKR	1.0	Not found
SPLVAAMQHFLPVLK	0.5	Not found
ETLQLESAAEVGFVR	0.5	Not found
SEEWADNHLPLTDAELAR	0.5	Not found
VVIGMDVAASEFFR	0.5	Not found
FTNLLTSILDSAETK	0.5	Not found
QQQLEQEQFHAFEEMIR	0.5	Not found
NPMVETLGTVLQLK	0.5	Not found
DIAWTEDSKR	0.5	Not found
SEEWADNHLPLTDAELAR	0.5	Not found
EKYPSHSFIGEESVAAGEK	1.0	Not found
DIAWTEDSKR	0.5	Not found
ITELRPFNSWEALFTK	0.5	Not found
YLAEKYEWDVAEAR	0.5	Not found
VHALPPSLIPLVWDFGQLSDVAEK	0.5	Not found
TLAEHQQLIPLVEK	0.5	Not found
TLAEHQQLIPLVEK	1.0	Not found
NVQALEIELQSQLALK	0.5	Not found
VLSGEFQIVNPHLLK	1.0	Not found
VTTMDAELEFAIQPNTTGK	1.0	Not found
NEEDAAELVALAQAVNAR	0.5	Not found
VTTMDAELEFAIQPNTTGK	1.5	Not found
SLLTLLWHCSLDALR	0.5	Not found
AYLPVNESFGFTADLR	1.0	Not found
VLSGEFQIVNPHLLK	0.5	Not found
KLPLTALAQNMQEASTQLEDSLLGK	0.5	Not found
AYLPVNESFGFTADLR	2.0	Not found
VVTVFSVADGYSENNVFYGHHAK	0.5	Not found
VHTVEDYQAIVDAEWNILYDKLEK	0.5	Not found
YLLQYQEPIPCEQLVTALCDIK	1.0	Not found
AHEPTYFTVDCAEAGQGDVSIGIK	2.0	Not found
ARPFPDGLAEDIDKGEVSAR	0.5	Not found
SPASDTYIVFGEAK	0.5	Not found
QTRPVQSWLCDPDAMEQGETPLTMLQSQVPNIVK	0.5	Not found
ISGATFSVGSGSVYAYGVMDR	0.5	Not found
ATAGAYIASQTVK	0.5	Not found
TRYPILENPEILR	1.0	Not found
SDALETLGFLNHYQMK	0.5	Not found
NLANTVTEEILEK	0.5	Not found
KQYPISLVLAPTR	0.5	Not found
TIIQNPTDQQK	0.5	Not found
LTLIDPETLLPR	0.5	Not found
IGPHCFELLR	0.5	Not found
ITALDEFATK	0.5	Not found
VIQENEHALQK	0.5	Not found
NCPHIVVGTPGR	1.0	Not found
DLFHIPPSYK	1.5	Not found
VIQENEHALQK	0.5	Not found
IGDQEFDSLPALLEFYK	0.5	Not found
MALDGQNIYNACCTLR	0.5	Not found
SGDAAIVDMVPGKPMCVESFSDYPPLGR	0.5	Not found
MALDGQNIYNACCTLR	3.0	Not found
GPAFNMASPESDFGINLK	0.5	Not found
LNLEEWILEQLTR	0.5	Not found
SHSTEPGLVLTLGQGDVGQLGLGENVMER	0.5	Not found
AFYAELYHIISSNLEK	0.5	Not found
ANLPQSFQVDTSK	1.0	Not found
MALDGQNIYNACCTLR	1.0	Not found
TFTDCFNCLPIAAIVDEK	0.5	Not found
IMLFTGGPPTQGPGMVVGDELK	0.5	Not found
SGDAAIVDMVPGKPMCVESFSDYPPLGR	1.0	Not found
SGPFGQIFRPDNFVFGQSGAGNNWAK	1.0	Not found
SGPFGQIFRPDNFVFGQSGAGNNWAK	0.5	Not found
SGPFGQIFRPDNFVFGQSGAGNNWAK	0.5	Not found
SGPFGQIFRPDNFVFGQSGAGNNWAK	0.5	Not found
AVLGTLLNLMEDPDKDVR	0.5	Not found
DTMSDQALEALSASLGTR	0.5	Not found
TNLDESDVQPVK	0.5	Not found
GEGPEVDVNLPK	0.5	Not found
DLEEALEMGVDWSLR	0.5	Not found
DSLTDLYVQHAIPLPQR	0.5	Not found
AVSKPSRPDMNPIR	0.5	Not found
YTYEHDPITK	0.5	Not found
KTQEQLALEMAELTAR	0.5	Not found
GHVFEESQVAGTPMFVVK	0.5	Not found
GEGPEVDVNLPK	0.5	Not found
VAPDEHPILLTEAPLNPK	0.5	Not found
VAPDEHPILLTEAPLNPK	0.5	Not found
VAPEEHPTLLTEAPLNPK	0.5	Not found
VAPEEHPTLLTEAPLNPK	0.5	Not found
VAPDEHPILLTEAPLNPK	0.5	Not found
LIHFSGVALGEACTIVLR	1.0	Not found
LIHFSGVALGEACTIVLR	1.0	Not found
VAPDEHPILLTEAPLNPK	0.5	Not found
FVQNVTSDLQLAAEFAAK	1.0	Not found
VAPDEHPILLTEAPLNPK	0.5	Not found
VAPEEHPTLLTEAPLNPK	0.5	Not found
VAPDEHPILLTEAPLNPK	0.5	Not found
VAPDEHPILLTEAPLNPK	0.5	Not found
VAPDEHPILLTEAPLNPK	0.5	Not found
QTLQSEQPLQVAR	0.5	Not found
ALVADSHPESER	0.5	Not found
ALVADSHPESER	0.5	Not found
ISELTSELTDER	0.5	Not found
EAYPEEAYIADLDAK	1.0	Not found
FNTPQQPK	0.5	Not found
LMTGDTYTAHAGAK	0.5	Not found
DYFEKYGK	0.5	Not found
VLNNMEIGTSLFDEEGAK	1.0	Not found
LAAIIPDPVVAPSIVPVLK	0.5	Not found
ELSDIAHR	0.5	Not found
NFPNAIEHTLQWAR	0.5	Not found
SNYNFEKPFLWLAR	0.5	Not found
DISLSDYK	0.5	Not found
DISLSDYK	0.5	Not found
DISLSDYK	0.5	Not found
VWNLANCK	0.5	Not found
DYFEKYGK	0.5	Not found
DISLSDYK	0.5	Not found
YASICQQNGIVPIVEPEILPDGDHDLK	0.5	Not found
APLDIPVPDPVK	0.5	Not found
ADIEVACYGYEGIDAVK	0.5	Not found
HYLFYDGESVSGK	1.0	Not found
HVVFGEVTEGLDVLR	0.5	Not found
ELQQQLVDAK	0.5	Not found
KAAALEAMK	0.5	Not found
LGADAVGMSTVPEVIVAR	0.5	Not found
LIAAQTGTR	0.5	Not found
EMDDPSVGPK	0.5	Not found
EDQFQLSLLAAMGNTQR	0.5	Not found
IQVWHAEHR	0.5	Not found
VFEVSLADLQNDEVAFR	0.5	Not found
VFHLLGVDTLVVTNAAGGLNPK	0.5	Not found
HYFQNTQGLIFVVDSNDR	0.5	Not found
YEEVSVSGFEEFHR	0.5	Not found
TSSAQVEGGVHSLHSYEK	1.0	Not found
ALQDEWDAVMLHSFTLR	0.5	Not found
YAPSEAGLHEMDIR	0.5	Not found
GAVAEDGDELR	0.5	Not found
YCVQLSQIQAQISALEEQLQQIR	0.5	Not found
YCVQLSQIQAQISALEEQLQQIR	0.5	Not found
KPLVLCGDLNVAHEEIDLR	1.5	Not found
LCYVALDFEQEMATAASSSSLEK	0.5	Not found
KDLYANTVLSGGTTMYPGIADR	0.5	Not found
IGEHTPSALAIMENANVLAR	0.5	Not found
EDLQLDKPASGVK	0.5	Not found
LYIGLAGLATDVQTVAQR	2.5	Not found
AQKELEEQTR	0.5	Not found
DAKDKLESEMEDAYHEHQANLLR	0.5	Not found
LLGMGDIEGLIDKVNELKLDDNEALIEK	0.5	Not found
GFGFVTFSSMAEVDAAMAAR	1.0	Not found
GFGFVTFSSMAEVDAAMAAR	1.5	Not found
FDPTQFQDCIIQGLTETGTDLEAVAK	0.5	Not found
FDPTQFQDCIIQGLTETGTDLEAVAK	0.5	Not found
TLSDIFLLFK	1.0	Not found
VGYTPDWIFLLR	0.5	Not found
APFDLFENKK	0.5	Not found
KFLDGNELTLADCNLLPK	3.5	Not found
KFLDGNELTLADCNLLPK	1.0	Not found
FLDGNELTLADCNLLPK	1.0	Not found
FLDGNELTLADCNLLPK	2.0	Not found
KFLDGNELTLADCNLLPK	1.0	Not found
SPPPGMGLNQNR	0.5	Not found
IVLTNPVCTEVGEK	0.5	Not found
RPPEIQHFR	0.5	Not found
FYHDWNDKEIEVLNK	0.5	Not found
DCEECIQLEPTFIK	0.5	Not found
AFAMIIDKLEEDISSSMTNSTAASRPPVTLR	0.5	Not found
EVSDGIIAPGYEEEALTILSK	0.5	Not found
HIADLAGNSEVILPVPAFNVINGGSHAGNK	0.5	Not found
LASEYLTPEEMVTFK	0.5	Not found
EAQLYAAQAHLK	0.5	Not found
VPFSVFTTNPCR	0.5	Not found
YDEELEGERPHSFR	0.5	Not found
TFNPGAGLPTDKK	0.5	Not found
EQDIYLPIANVAR	0.5	Not found
KVNENWYEGR	0.5	Not found
KVNENWYEGR	0.5	Not found
LQGPPSQTPLPGPHHPDQTRYRPYYQ	0.5	Not found
GIFEALRPLETLPVEGLIR	0.5	Not found
ALEHAFQLEHIMDLTR	0.5	Not found
GDPEAALIQYLTNEEAR	0.5	Not found
GDSAYHSQR	0.5	Not found
ATDKDITGTLSNPEVFNYGVETHEAYK	0.5	Not found
EQLWLANEGLITR	1.5	Not found
LGGTIDDCELVEGLVLTQK	0.5	Not found
AVFVDLEPTVIDEVR	0.5	Not found
LCYVALDFEQEMATAASSSSLEK	0.5	Not found
YSFLQFDPAPR	0.5	Not found
LAGTQPLEVLEAVQR	1.0	Not found
NDSVNPDINIDLKPTAVLRPYQEK	0.5	Not found
LLSDFLDSEVSELR	0.5	Not found
YFLVGAGAIGCELLK	3.5	Not found
LPDGYEFK	0.5	Not found
LPDGYEFK	0.5	Not found
THLSLSHNPEQK	0.5	Not found
THLSLSHNPEQK	0.5	Not found
SLEDALSSDTSGHFR	1.0	Not found
SLEDALSSDTSGHFR	0.5	Not found
SVFDIPIFTEEFLNHSK	0.5	Not found
TIESANQQTDK	1.0	Not found
TALQEVYTLAEHR	0.5	Not found
IYPSREEYEAHQDR	0.5	Not found
KFMQDPMEIFVDDETK	0.5	Not found
NVIFEISPTEEVGDFEVK	0.5	Not found
ETTDTDTADQVIASFK	0.5	Not found
KFMQDPMEIFVDDETK	0.5	Not found
VADPVVTFCETVVETSSLK	1.0	Not found
AHQVVEDGYEFFAK	0.5	Not found
KLDEAVAEAHLGK	0.5	Not found
LNEVLYPPLRPSQAR	0.5	Not found
EDTGDQQGLLK	0.5	Not found
TLENPEPLLR	0.5	Not found
SGAAQGLAEVMAGLGVEK	0.5	Not found
EQQHVMEELFQSSFR	0.5	Not found
MAGDPVANVR	0.5	Not found
TIVITSHPGQIVK	0.5	Not found
TQTSDPAMLPTMIGLLAEAGVR	1.0	Not found
FSSVTVSTIDEEEEEIEAR	0.5	Not found
LANLINAEER	0.5	Not found
EHLAQKPVFLPR	0.5	Not found
VNDVVPWVLDVILNK	0.5	Not found
DEVLDNLLAFVCDIRPEIHENYR	0.5	Not found
VFGSFAENLSFLLEALK	1.0	Not found
AQGWAPLKPLPPSAK	0.5	Not found
AQGWAPLKPLPPSAK	0.5	Not found
LEDRNALLSEERNELLKR	0.5	Not found
ESHATLVFHNLLGEIDQQYSR	0.5	Not found
ESHATLVFHNLLGEIDQQYSR	0.5	Not found
DSLLQDGEFSMDLR	0.5	Not found
ADGYVDNLAEAVDLLLQHADK	1.0	Not found
EWTDGLFTHVLR	0.5	Not found
EFESVLVDAFSHVAR	0.5	Not found
DMEANLLPGFLR	0.5	Not found
IHFFLSK	0.5	Not found
DHALLEEQSK	1.0	Not found
HGHLCPIDTGLIEK	0.5	Not found
GLEAALVYVENAHVAGK	0.5	Not found
DSLTDLYVQHAIPLPQR	0.5	Not found
VLPAQATEYAFAFIQVPQDDDAR	2.0	Not found
GQPIYIQFSNHK	1.0	Not found
ELQDAQEHDAR	1.0	Not found
YLKPSQAAQAIENCDR	0.5	Not found
YYAVNYPLR	0.5	Not found
IINEPTAAAIAYGLDK	0.5	Not found
AGGSASAMLQPLLDNQVGFK	0.5	Not found
GQMEEQFWR	0.5	Not found
ELHINLIPNK	0.5	Not found
SVAPAAPTSCDFSPGDLVWAK	0.5	Not found
IFVGGIKEDTEEHHLR	0.5	Not found
IFVGGIKEDTEEHHLR	0.5	Not found
IFVGGIKEDTEEHHLR	0.5	Not found
IFVGGIKEDTEEHHLR	0.5	Not found
ALIAGGGAPEIELALR	0.5	Not found
GIFPVLCKDPVQEAWAEDVDLR	0.5	Not found
GIFPVLCKDPVQEAWAEDVDLR	0.5	Not found
GIFPVLCKDPVQEAWAEDVDLR	0.5	Not found
EDSQRPGAHLTVK	0.5	Not found
DKNEQAFEEVFQNANFR	0.5	Not found
VAACELLHSMVMFMLGK	0.5	Not found
TQIDHYVGIAR	0.5	Not found
TINEVENQILTR	0.5	Not found
TFTAWCNSHLR	0.5	Not found
QELQEEEEQTKPPR	0.5	Not found
ITDLYTDLR	0.5	Not found
FQDTAEALAAFTALMEGK	0.5	Not found
TINEVENQILTR	0.5	Not found
KVQGGALEDSQLVAGVAFK	0.5	Not found
LASTLVHLGEYQAAVDGAR	0.5	Not found
TINEVENQILTR	0.5	Not found
KNICQFLVEIGLAK	1.0	Not found
IAVMELFRPK	1.0	Not found
FICEQDHQNFLR	0.5	Not found
RPISADSAIMNPASK	1.0	Not found
ADSLVEGTSSR	0.5	Not found
ELEVQHPAAK	0.5	Not found
LSPESAEEYIEYLK	0.5	Not found
FEVLHGREAKVTETAR	0.5	Not found
LPSGVFSLEFQDFVNK	0.5	Not found
YLNAGAGGIAGAFIHEK	0.5	Not found
EMCDVEQVLSK	0.5	Not found
RPTELLSNPQFIVDGATR	0.5	Not found
YFLVGAGAIGCELLK	0.5	Not found
MLSLLVVDVGNPEEVR	1.5	Not found
AQLGVQAFADALLIIPK	1.0	Not found
AELNPWPEYIYTR	0.5	Not found
KFRLITVR	0.5	Not found
CSVLPLSQNQEFMPFVK	0.5	Not found
DHPALK	0.5	Not found
MLSLLVVDVGNPEEVR	1.5	Not found
EEAADNQRAEAPADQR	0.5	Not found
MLSLLVVDVGNPEEVR	0.5	Not found
SHFEQWGTLTDCVVMR	1.0	Not found
IFVGGLNPEATEEK	1.0	Not found
EFNEDGALAVLQQFK	0.5	Not found
HAEMVHTGLK	0.5	Not found
AELDDTPMR	0.5	Not found
THSVNGITEEADPTIYSGK	0.5	Not found
GQSPLHILGQYGK	0.5	Not found
KKNPEVPVNFAEFSK	0.5	Not found
MPEMNIK	0.5	Not found
VLAGETLSVNDPPDVLDR	0.5	Not found
NFQNIFPPSATLHLSNIPPSVSEEDLK	0.5	Not found
PLSLPSLHVFGDTDK	0.5	Not found
GNLYSFGCPEYGQLGHNSDGK	0.5	Not found
EELIAELQDCEGLIVR	0.5	Not found
IMGNLGAADIDHK	1.0	Not found
VQISPDSGGLPER	0.5	Not found
DYYFALAHTVR	0.5	Not found
KLVCGDEGLGAMAEVGTIVDK	0.5	Not found
EHPFILNLQEDQIENLK	1.0	Not found
ALLEVVQSGGK	0.5	Not found
YLDLHDCYLK	0.5	Not found
ALLEVVQSGGK	1.0	Not found
TTPSYVAFTDTER	0.5	Not found
EKLEMEMEAAR	0.5	Not found
IYPSRDEYEAHQER	0.5	Not found
ILEDVVGVPEKK	0.5	Not found
DSYLPVGSHNLK	0.5	Not found
LGSTAIGIQTSEGVCLAVEK	1.0	Not found
DSLIQSLATQLELDGFER	0.5	Not found
GISDLAQHYLMR	0.5	Not found
FSLIDLAGNER	1.0	Not found
LGSTAIGIQTSEGVCLAVEK	0.5	Not found
FYPEDVAEELIQDITQK	0.5	Not found
GKPYLTLEQLMDFINQK	0.5	Not found
LGSTAIGIQTSEGVCLAVEK	0.5	Not found
TLASAGGPDNLVLLNPEK	0.5	Not found
FYCDYCDTYLTHDSPSVR	0.5	Not found
FSLIDLAGNER	0.5	Not found
FYPEDVAEELIQDITQK	0.5	Not found
VADEMDVMLGQEVGYSIR	0.5	Not found
LQELEGQIADLKK	0.5	Not found
HFEATDILVSK	0.5	Not found
LLHTLEGHAMPIR	0.5	Not found
GPAVGIDLGTTYSCVGVFQHGK	0.5	Not found
GPAVGIDLGTTYSCVGVFQHGK	2.5	Not found
AQIHDLVLVGGSTR	0.5	Not found
AQIHDLVLVGGSTR	0.5	Not found
AQIHDLVLVGGSTR	1.0	Not found
AQIHDLVLVGGSTR	2.0	Not found
FLDGDELTLADCNLLPK	2.0	Not found
ILSISADIETIGEILKK	1.0	Not found
KFLDGDELTLADCNLLPK	1.0	Not found
KFLDGDELTLADCNLLPK	1.0	Not found
FLDGDELTLADCNLLPK	1.0	Not found
KFLDGDELTLADCNLLPK	3.5	Not found
HVDYVADQIVTK	0.5	Not found
HVDYVADQIVTK	0.5	Not found
IAELLTELHQLIK	1.0	Not found
AIFLADGNVFTTGFSR	0.5	Not found
AGCAVTSLLASELTK	0.5	Not found
LAALNPESNTAGLDIFAK	1.0	Not found
AIFLADGNVFTTGFSR	6.0	Not found
KQVFDQYVK	0.5	Not found
EALFNEFVAAAR	0.5	Not found
NILEESLCELVAK	0.5	Not found
VLAFLSSVAGDALTR	0.5	Not found
EKVETELQGVCDTVLGLLDSHLIK	0.5	Not found
APPVPAPAR	0.5	Not found
FGVPVIADGGIQNVGHIAK	0.5	Not found
LLNTWTNRYPDAK	0.5	Not found
NPHLITNWGPAAFTEAELEER	0.5	Not found
KSLTPAVPVESKPDKPSGK	0.5	Not found
VVSEDFLQDVSASTK	1.0	Not found
HVAEVLEYTKDEQLESLFQR	0.5	Not found
FAQPGSFEYEYAMR	1.0	Not found
GFAFVTFDDHDSVDK	0.5	Not found
GFGFVTFSSMAEVDAAMAARPHSIDGR	0.5	Not found
DQVDIAVQELLQLK	3.5	Not found
EALLQISIPFLLKK	0.5	Not found
VVVQVLAEEPEAVLK	0.5	Not found
LVNHFVEEFK	0.5	Not found
LSAKPAPPKPEPKPR	1.0	Not found
LNEQASEEILK	0.5	Not found
MKEEVPTALVEAHVR	1.0	Not found
ANKLDHVVTIIK	0.5	Not found
ANKLDHVVTIIK	0.5	Not found
WNLDELPK	0.5	Not found
ATVAAFAASEGHSHPR	0.5	Not found
THSTSSSLGSGESPFSR	0.5	Not found
TTQIPQWCVEYMR	1.0	Not found
ALQDSAPDRPSPVER	0.5	Not found
YPIEHGIITNWDDMEK	0.5	Not found
LDPGLIMEQVK	0.5	Not found
YGEPGEVFINK	0.5	Not found
YIHSANVLHR	0.5	Not found
GFCFITYTDEEPVKK	0.5	Not found
VGIVAWHPTAR	0.5	Not found
MSDLTPVHFTPLDSSVDR	0.5	Not found
SPGHILCCECGVPISPNPANICVACLR	1.0	Not found
FAQPGSFEYEYAMR	0.5	Not found
LSLDGQNIYNACCTLR	0.5	Not found
YGEPGEVFINK	0.5	Not found
VAGMDVELTVEER	0.5	Not found
FILQAIPSSQPMTVLK	0.5	Not found
KDGNASGTTLLEALDCILPPTRPTDKPLR	0.5	Not found
GSDIKDITVCEPPK	0.5	Not found
GSDIKDITVCEPPK	0.5	Not found
VALVTFNSAAHNKPSLIR	0.5	Not found
ASKPLPPAPAPDEYLVSPITGEK	0.5	Not found
LTPQMFQQLMK	0.5	Not found
IGEEQSAEDAEDGPPELLFIHGGHTAK	0.5	Not found
HDCPVCLPLK	1.0	Not found
SALSGHLETVILGLLK	0.5	Not found
TNAENEFVTIKK	0.5	Not found
VIAPNPAQLQGQR	0.5	Not found
THINIVVIGHVDSGK	1.0	Not found
THINIVVIGHVDSGK	0.5	Not found
AFSWSSSLTEHKR	0.5	Not found
LLDSSTVTHLFK	1.0	Not found
LLDSSTVTHLFK	0.5	Not found
ELVFKEDGQEYAQVIK	0.5	Not found
TLAVSGLGVVGR	1.0	Not found
ELQQKLVDAK	0.5	Not found
KEEVQEKEEVFEEK	0.5	Not found
GQIAFDDFIQGCIVLQR	0.5	Not found
AGAHLQGGAK	0.5	Not found
GQIAFDDFIQGCIVLQR	0.5	Not found
YEEVSVSGFEEFHR	0.5	Not found
YEEVSVSGFEEFHR	0.5	Not found
YPIEHGIITNWDDMEK	0.5	Not found
GHYTEGAELVDSVLDVVR	1.0	Not found
GHYTEGAELVDSVLDVVR	1.0	Not found
LVGSQEELASWGHEYVR	0.5	Not found
GHYTEGAELVDSVLDVVR	0.5	Not found
GLLALEGELTPILVQMVK	0.5	Not found
SFYPEEVSSMVLTK	0.5	Not found
LPLPSPALEYTLGSR	1.0	Not found
KPEMFETAIK	0.5	Not found
AKFEELNMDLFR	0.5	Not found
IGGIGTVPVGR	0.5	Not found
MIAGQVLDINLAAEPK	0.5	Not found
FGPYYTEPVIAGLDPK	0.5	Not found
NLAMGVNLTSMSK	0.5	Not found
VYENVGLMQQQK	0.5	Not found
LVFLGLDNAGK	0.5	Not found
LVFLGLDNAGK	0.5	Not found
NFVVVMVTKPK	0.5	Not found
TLTAEEAEEEWERR	0.5	Not found
YAVFNEDGSLAELK	0.5	Not found
ITLPVDFVTADKFDENAK	0.5	Not found
VFEHFLENLDK	0.5	Not found
VLPLEALVTDAGEVTEAGK	0.5	Not found
VLPLEALVTDAGEVTEAGK	0.5	Not found
DYFEQYGK	0.5	Not found
DYFEQYGK	0.5	Not found
EELIAELQDCEGLIVR	1.0	Not found
VFVLDEADVMIATQGHQDQSIR	0.5	Not found
GFIYVHKPPVHIR	0.5	Not found
DSYVGDEAQSK	0.5	Not found
WEAAEGLLQEALDK	0.5	Not found
QLHLNQLIR	0.5	Not found
THINIVVIGHVDSGK	0.5	Not found
ISFLENNLEQLTK	0.5	Not found
VTPVDYLLGVADLTGELMR	0.5	Not found
VLLPVWEAEGLGLR	0.5	Not found
SKDGKTPLHMTALHGR	0.5	Not found
KPMSLASGLVPAAPPK	0.5	Not found
LPLQDVYK	0.5	Not found
VCNPIITK	0.5	Not found
VTPPEGYEVVTVFPK	0.5	Not found
VIIDDQLPVDHK	1.0	Not found
PAYFQRPENALK	0.5	Not found
SPDSDVAATLKK	0.5	Not found
DKPTYDEIFYTLSPVNGK	0.5	Not found
GVVPLAGTDGETTTQGLDGLSER	0.5	Not found
GVVPLAGTDGETTTQGLDGLSER	1.0	Not found
LLDTVDDMLANDIAR	0.5	Not found
TLSPEFNER	0.5	Not found
FMSVSILLMGIVGPITAGILTSAAIAGVYR	0.5	Not found
HLLVHAPEDKK	0.5	Not found
IFVGGIKEDTEEHHLR	0.5	Not found
GATQQILDEAER	0.5	Not found
GVVPLAGTDGETTTQGLDGLSER	2.0	Not found
HVFWGSGSHTLPALLENLK	0.5	Not found
FYPEDVAEELIQDITQK	0.5	Not found
QAALGIMQMVEDTLIEHAHTKPLLPSQLVR	1.0	Not found
DKPTYDEIFYTLSPVNGK	0.5	Not found
IWCFGPDGTGPNILTDITK	0.5	Not found
YYVTIIDAPGHR	1.5	Not found
GVVPLAGTDGETTTQGLDGLSER	2.0	Not found
GVVPLAGTDGETTTQGLDGLSER	1.5	Not found
FCLGQLSNVHR	0.5	Not found
GVVPLAGTDGETTTQGLDGLSER	2.0	Not found
IIPPGSGIIHQVNLEYLAR	0.5	Not found
IIPPGSGIIHQVNLEYLAR	1.0	Not found
GVVPLAGTDGETTTQGLDGLSER	0.5	Not found
GVVPLAGTDGETTTQGLDGLSER	0.5	Not found
LYGPTNFSPIINHVAR	0.5	Not found
TYTHEVVTLWYR	0.5	Not found
LYGPTNFSPIINHVAR	0.5	Not found
TYTHEVVTLWYR	0.5	Not found
VCIDKDSGDVAALR	0.5	Not found
VCIDKDSGDVAALR	0.5	Not found
AVAILCNHQR	0.5	Not found
SQAPGQPGASQWGSR	0.5	Not found
GAEEMETVIPVDVMR	0.5	Not found
DCVGPEVEK	0.5	Not found
VETGVLKPGMVVTFAPVNVTTEVK	0.5	Not found
AFSCISACGPRPGR	0.5	Not found
VQVQDNEGCPVEALVK	0.5	Not found
GAAQCYLLQTAMNLLDVEK	1.0	Not found
VETGVLKPGMVVTFAPVNVTTEVK	0.5	Not found
FGFPAFSGISR	0.5	Not found
HVFGESDELIGQK	0.5	Not found
TKAPDDLVAPVVK	0.5	Not found
HVFGESDELIGQK	0.5	Not found
VFNIDLK	0.5	Not found
IVSMTLDKEYDVAVQAIK	0.5	Not found
VETGVLKPGMVVTFAPVNVTTEVK	1.0	Not found
GILAADESTGSIAK	0.5	Not found
FGPLTPELMVPR	0.5	Not found
AMTTGAIAAMLSTILYSR	0.5	Not found
TSLFEEDEEDDLFAIAK	0.5	Not found
AMGAAQVVVTDLSATR	1.0	Not found
GGYIGSTYFER	0.5	Not found
LEHLITELVHQR	0.5	Not found
VETVPKEDLDLPNHLVGLK	0.5	Not found
GEGPDGDVKLPK	0.5	Not found
IEINFPAEYPFKPPK	0.5	Not found
IMEIVDAITTTAQSHQR	0.5	Not found
RPLPPAAQER	0.5	Not found
TTSFAESCKPVQQPSAFGSMK	0.5	Not found
DESANQEEPEAR	0.5	Not found
KAEEELGELEAK	0.5	Not found
AHVLAASVEQATENFLEK	1.0	Not found
AHVLAASVEQATENFLEK	0.5	Not found
LLEPLVTQVTTLVNTNSK	2.0	Not found
KHPDSSVNFAEFSKK	0.5	Not found
PVTVEPMDQLDDEEGLPEK	1.5	Not found
VFSWGFGGYGR	1.0	Not found
VFSWGFGGYGR	0.5	Not found
YLTAEAFGFK	0.5	Not found
YLTAEAFGFK	0.5	Not found
KIEFSLPDLEGR	0.5	Not found
HDIAFVEFDNEVQAGAAR	1.0	Not found
LKDSLFDLDGPK	0.5	Not found
WELLQQVDTSTR	0.5	Not found
SNQQLVDIIEK	0.5	Not found
SVFVGNIPYEATEEQLK	0.5	Not found
RALANSLACQGK	0.5	Not found
NMSVIAHVDHGK	0.5	Not found
GFAFVTFDDHDSVDK	1.0	Not found
STAISLFYELSENDLNFIK	0.5	Not found
EDLYLKPIQR	0.5	Not found
VNIEGGAIALGHPLGASGCR	1.0	Not found
EDSQRPGAHLTVK	0.5	Not found
FNAHGDANTIVCNSK	0.5	Not found
FNAHGDANTIVCNSK	0.5	Not found
NTAEWLLSHTK	0.5	Not found
ALLYLCGGDD	0.5	Not found
AVGDGILCNTYIDSYK	0.5	Not found
EVLSYFHHQK	0.5	Not found
HCPYLDTINR	0.5	Not found
HDIAFVEFDNEVQAGAAR	0.5	Not found
VTSAVEALLSADSASR	0.5	Not found
SLETCMYDHK	0.5	Not found
TGQATVASGIPAGWMGLDCGPESSK	0.5	Not found
AAVEWFDGK	1.0	Not found
DESSPYAAMLAAQDVAQR	0.5	Not found
LEGSDVQLLEYEASAAGLIR	0.5	Not found
ELDDELMKEAVLYVDSQEAALK	0.5	Not found
ELLTSFGPLK	0.5	Not found
KFNQVLGDDEK	0.5	Not found
ENVVNFIDCLVR	0.5	Not found
ENVVNFIDCLVR	0.5	Not found
GDPEAALIQYLTNEEAR	0.5	Not found
ELEANVLATAPDKK	0.5	Not found
IALYGLGSIPDER	0.5	Not found
LYTLVLTDPDAPSR	0.5	Not found
LNFSHGTHEYHAETIK	2.0	Not found
TEFLSFMNTELAAFTK	1.0	Not found
LISWYDNEFGYSNR	2.5	Not found
LYTLVLTDPDAPSR	0.5	Not found
FQDTAEALAAFTALMEGK	0.5	Not found
EAESCDCLQGFQLTHSLGGGTGSGMGTLLLSK	0.5	Not found
LLVPLVPDLQDVAQLR	0.5	Not found
LPSSVFASEFEEDVGLLNK	1.0	Not found
LVDISYGGENGFNQAIELSTEVLSNVK	0.5	Not found
AHQVVEDGYEFFAK	0.5	Not found
LVDISYGGENGFNQAIELSTEVLSNVK	0.5	Not found
LISWYDNEFGYSNR	0.5	Not found
ILSISADIETIGEILK	0.5	Not found
GKPLPEYHVR	0.5	Not found
GLYNEHTVDR	0.5	Not found
ILSISADIETIGEILK	6.0	Not found
VTAPDVDLHLK	0.5	Not found
LSDFNDITNMLLLK	0.5	Not found
VTYTPMAPGSYLISIK	0.5	Not found
QVLGQMVIDEELLGDGHSYSPR	1.0	Not found
HQAFEAELHANADR	0.5	Not found
VTGEADVEFATHEDAVAAMSK	0.5	Not found
AALLWALAAALER	0.5	Not found
LFIGGLSFETTDESLR	0.5	Not found
LNLEAINYMAADGDFK	0.5	Not found
VTGEADVEFATHEDAVAAMSK	0.5	Not found
VTGEADVEFATHEDAVAAMSK	1.5	Not found
VTGEADVEFATHEDAVAAMSK	1.0	Not found
LPIFFFGTHETAFLGPK	0.5	Not found
LGALQGDPEALTLYR	0.5	Not found
LGALQGDPEALTLYR	0.5	Not found
LEMYNILK	1.0	Not found
AAIDWFDGK	0.5	Not found
EYDQALADLKK	0.5	Not found
AFGFNVLFYDPYLSDGVER	0.5	Not found
TITLEVEPSDTIENVK	0.5	Not found
RTAQEVETYR	0.5	Not found
ADAGKEGNNPAENGDAKTDQAQKAEGAGDAK	0.5	Not found
ALQDEWDAVMLHSFTLR	0.5	Not found
DGPPHQVLVVPLHSR	0.5	Not found
VHQLDVAIPLHLK	0.5	Not found
LLSYNLPLELENLR	0.5	Not found
EAVVNTQELLDLLVK	0.5	Not found
MIAGQVLDINLAAEPK	0.5	Not found
EAVVNTQELLDLLVK	0.5	Not found
IQLVEEELDR	0.5	Not found
KKPALVSIPEDVVQAEAGGMHTVCLSK	0.5	Not found
EIRPALELLEPIEQK	0.5	Not found
SIYGEKFEDENFILK	1.5	Not found
VTVAGLAGKDPVQCSR	0.5	Not found
EILVGDVGVTITDPFK	3.0	Not found
FVEWLK	0.5	Not found
KLPIDVTEGEVISLGLPFGK	0.5	Not found
SFDLLVK	0.5	Not found
KDLYANTVLSGGTTMYPGIADR	0.5	Not found
KDLYANTVLSGGTTMYPGIADR	0.5	Not found
ALIAAQYSGAQVR	0.5	Not found
ALIAAQYSGAQVR	0.5	Not found
VPLVAPEDLR	0.5	Not found
SVILHLLSQLK	0.5	Not found
VEPVGNAPLLALVHK	0.5	Not found
QLFHPEQLITGK	0.5	Not found
KFVMKPPQVVR	0.5	Not found
IIQFIQEQLK	0.5	Not found
IIQFIQEQLK	1.0	Not found
IIQFIQEQLK	0.5	Not found
IIQFIQEQLK	1.0	Not found
IIQFIQEQLK	1.0	Not found
VILDYNTAHNK	0.5	Not found
SVQQTVELLTR	0.5	Not found
ELCQGLGQPGSVLR	0.5	Not found
LIHPDEDISLEER	0.5	Not found
YLPALGYSK	0.5	Not found
QKDIAMLYQGLEKLEK	0.5	Not found
GIPVLVGLLDHPK	0.5	Not found
RAEDGSVIDYELIDQDAR	1.0	Not found
ALIAGGGAPEIELALR	0.5	Not found
SYLFQLLQGLAFCHSHR	0.5	Not found
YDTLAQMLTLGNIR	1.0	Not found
QVVESAYEVIK	0.5	Not found
SGGNLVLVGLGSEMTTVPLLHAAIR	0.5	Not found
AIEPPPLDAVIEAEHTLR	0.5	Not found
AKDEQSAVSMLK	1.0	Not found
AIEPPPLDAVIEAEHTLR	0.5	Not found
NVDSNLANLIMNEIVDNGTAVK	1.5	Not found
DLKPQNLLINTEGAIK	1.0	Not found
DLKPQNLLINTEGAIK	0.5	Not found
ITSPLMEPSSIEK	0.5	Not found
VKAEPAKIEAFR	0.5	Not found
LSLDGQNIYNACCTLR	3.0	Not found
LSLDGQNIYNACCTLR	0.5	Not found
LSLDGQNIYNACCTLR	1.0	Not found
KLLEGEECR	0.5	Not found
LPEASQSPLVLK	0.5	Not found
VAPEEHPVLLTEAPLNPK	0.5	Not found
VAPEEHPVLLTEAPLNPK	0.5	Not found
VAPEEHPVLLTEAPLNPK	0.5	Not found
VAPEEHPVLLTEAPLNPK	0.5	Not found
VAPEEHPVLLTEAPLNPK	0.5	Not found
VAPEEHPVLLTEAPLNPK	1.0	Not found
VAPEEHPVLLTEAPLNPK	0.5	Not found
VAPEEHPVLLTEAPLNPK	0.5	Not found
VAPEEHPVLLTEAPLNPK	0.5	Not found
FSMPGFKGEGPDVDVNLPK	1.0	Not found
ELLTSFGPLK	0.5	Not found
FLQEQLNIQK	1.0	Not found
FLQEQLNIQK	0.5	Not found
FLQEQLNIQK	0.5	Not found
FLQEQLNIQK	1.0	Not found
FLQEQLNIQK	1.0	Not found
AGAISASGPELQGAGHSK	0.5	Not found
LLIPVAEGMNEIWLR	0.5	Not found
AMVEYEIDLQK	0.5	Not found
NLFNVVDCK	0.5	Not found
TLEGELHDLR	0.5	Not found
LLIVSNPVDILTYVAWK	0.5	Not found
LLIVSNPVDILTYVAWK	1.0	Not found
LLIVSNPVDILTYVAWK	1.0	Not found
LLIVSNPVDILTYVAWK	0.5	Not found
IISNASCTTNCLAPLAK	1.5	Not found
TLAQLNPESSLFIIASK	1.5	Not found
LLIVSNPVDILTYVAWK	5.0	Not found
LLIVSNPVDILTYVAWK	0.5	Not found
IISNASCTTNCLAPLAK	2.5	Not found
LLIVSNPVDILTYVAWK	1.0	Not found
LAALADQWQFLVQK	1.0	Not found
THINIVVIGHVDSGK	1.0	Not found
VTGEADVEFATHEDAVAAMSK	0.5	Not found
THINIVVIGHVDSGK	1.0	Not found
VWPFLHHTISSVR	0.5	Not found
HEHQVMLMR	0.5	Not found
IDASKNEEDEGHSNSSPR	0.5	Not found
ILALCMGNHELYMR	0.5	Not found
FSPNTSQFLLVSSWDTSVR	0.5	Not found
TCTDIKPEWLVK	0.5	Not found
NMSVIAHVDHGK	0.5	Not found
SKDIFDQLAK	0.5	Not found
LSGLNAFDIAEELVK	1.5	Not found
VSHVSTGGGASLELLEGK	0.5	Not found
GKPDLNTALPVR	0.5	Not found
MGFHFCIWIIFLLPPPCK	0.5	Not found
KIFVGGIKEDTEEHHLR	0.5	Not found
FATLAELVQYYMEHHGQLK	0.5	Not found
LQQTQSLHSLR	0.5	Not found
ITGEAFVQFASQELAEK	0.5	Not found
LLLEQAANEIWESIK	0.5	Not found
TPAQYDASELK	0.5	Not found
TPAQYDASELK	1.0	Not found
TPAQYDASELK	0.5	Not found
TPAQYDASELK	1.0	Not found
GFGFVTFDDHDPVDK	0.5	Not found
TPAQYDASELK	0.5	Not found
VLSGEFQIVNPHLLK	0.5	Not found
HMNLILCDCDEFR	0.5	Not found
EQMQPTHPIR	0.5	Not found
SAADSISESVPVGPK	0.5	Not found
LISWYDNEFGYSNR	0.5	Not found
KPLFHGDSEIDQLFR	0.5	Not found
KPLFHGDSEIDQLFR	0.5	Not found
DGMAFNALIHK	1.5	Not found
ATLQAALCLENFSSQVVER	0.5	Not found
AIEPNDYTGK	0.5	Not found
NDSVVAGGGAIEMELSK	0.5	Not found
TQDECILHFLR	0.5	Not found
DMAQLPETEIAPAK	0.5	Not found
LYVCRECGRGFSWK	0.5	Not found
AEEYEFLTPVEEAPK	0.5	Not found
LLEAQIATGGVIDPVHSHR	0.5	Not found
GLLAQGLRPESPPPAGPLLNGAPAGESPQPK	0.5	Not found
SYHLSELVQQILK	0.5	Not found
SYHLSELVQQILK	0.5	Not found
GILGYTEHQVVSSDFNSDTHSSTFDAGAGIALNDHFVK	0.5	Not found
THINIVVIGHVDSGK	0.5	Not found
GAVASVTFDDFHK	0.5	Not found
SEITELR	0.5	Not found
IPELLASGMVDNMTK	0.5	Not found
AAAIGIDLGTTYSCVGVFQHGK	1.0	Not found
KQQSIAGSADSKPIDVSR	0.5	Not found
TEVIQLEDTLAQVR	0.5	Not found
NILDFPQHVSPSK	0.5	Not found
AAAIGIDLGTTYSCVGVFQHGK	4.0	Not found
EKPGALWHIYAAK	0.5	Not found
AAAIGIDLGTTYSCVGVFQHGK	4.5	Not found
LDSEDKDKEGKPLLK	0.5	Not found
AAAIGIDLGTTYSCVGVFQHGK	0.5	Not found
AAAIGIDLGTTYSCVGVFQHGK	0.5	Not found
FNDEHIPESPYLVPVIAPSDDAR	0.5	Not found
AQQELEEQTR	0.5	Not found
ELPYFEGDFWPNVLEESIK	0.5	Not found
FYHDWNDKEIEVLNK	1.0	Not found
IHSITGLPPAMQK	0.5	Not found
LNLVEAFVEDAELR	1.0	Not found
QELSHALYQHDAACR	0.5	Not found
GYWAGLDASAQTTSHELTIPNDLIGCIIGR	0.5	Not found
EAVFPFQPGSVAEVCITFDQANLTVK	0.5	Not found
SKEEAEALYHSK	0.5	Not found
EAVFPFQPGSVAEVCITFDQANLTVK	1.0	Not found
ALLEVVQSGGK	0.5	Not found
SKEEAEALYHSK	0.5	Not found
THLSLSHQPDKK	0.5	Not found
THLSLSHQPDKK	0.5	Not found
SKEEAEALYHSK	0.5	Not found
AQNDLIWNIKDELK	0.5	Not found
VHFEESSKLEDLLR	0.5	Not found
LLYNNVSNFGR	0.5	Not found
SADESGQALLAAGHYASDEVR	0.5	Not found
SADESGQALLAAGHYASDEVR	0.5	Not found
SADESGQALLAAGHYASDEVR	0.5	Not found
KTGPAAAQVQVGK	0.5	Not found
VDINAPDVDVHGPDWHLK	0.5	Not found
EVNITIIDR	0.5	Not found
SQDAEVGDGTTSVTLLAAEFLK	0.5	Not found
LQELEGQIADLKK	0.5	Not found
AKIHDIVLVGGSTR	0.5	Not found
AKIHDIVLVGGSTR	0.5	Not found
GPAVGIDLGTTYSCVGVFQHGK	0.5	Not found
GPAVGIDLGTTYSCVGVFQHGK	2.5	Not found
GPAVGIDLGTTYSCVGVFQHGK	0.5	Not found
LQTSSVLVSGLR	0.5	Not found
GPAVGIDLGTTYSCVGVFQHGK	1.0	Not found
GPAVGIDLGTTYSCVGVFQHGK	4.5	Not found
AKIHDIVLVGGSTR	2.0	Not found
LVINGNPITIFQER	0.5	Not found
AKIHDIVLVGGSTR	1.0	Not found
LTADDEAFLSANAGAILSQFEK	0.5	Not found
FGNPLLVQDVESYDPVLNPVLNR	0.5	Not found
FSASGELGNGNIK	0.5	Not found
DLDDFQSWLSR	0.5	Not found
LMFNSPGFVEYVVDR	0.5	Not found
LLEPLVTQVTTLVNTSNK	2.0	Not found
GEELGGGQDPVQLLSGFPR	0.5	Not found
AHVLAASVEQATQNFLEK	0.5	Not found
AHVLAASVEQATQNFLEK	1.0	Not found
LPFAAAQIGNSFR	0.5	Not found
DIEQIAEFLEQSVK	0.5	Not found
LGQLSCALCNTPVK	0.5	Not found
VNPTVFFDIAVDGEPLGR	1.0	Not found
VNPTVFFDIAVDGEPLGR	0.5	Not found
VNPTVFFDIAVDGEPLGR	1.0	Not found
VNPTVFFDIAVDGEPLGR	0.5	Not found
LIALSIDSVEDHLAWSK	0.5	Not found
VNPTVFFDIAVDGEPLGR	5.0	Not found
IDIPPGAVLENK	0.5	Not found
VNPTVFFDIAVDGEPLGR	1.0	Not found
VNPTVFFDIAVDGEPLGR	0.5	Not found
VNQIGSVTESLQACK	1.0	Not found
VAETAVQLFISGDK	0.5	Not found
LKHINQLLR	0.5	Not found
ADIEVACYGYEGIDAVK	0.5	Not found
FLEQQNKVLETK	0.5	Not found
FLEQQNKVLETK	0.5	Not found
FLEQQNKVLETK	0.5	Not found
FLEQQNKVLETK	1.0	Not found
FLEQQNKVLETK	0.5	Not found
FLEQQNKVLETK	1.0	Not found
FLEQQNKVLETK	1.5	Not found
FLEQQNKVLETK	0.5	Not found
FLEQQNKVLETK	0.5	Not found
FLEQQNKVLETK	1.0	Not found
FLEQQNKVLETK	1.0	Not found
FLEQQNKVLETK	2.0	Not found
AVEVQGPSLESGDHGK	0.5	Not found
VLSAPPHFHFGQTNR	1.0	Not found
TFEELEHVSAPYK	1.0	Not found
GYSFTTTAER	0.5	Not found
LFDIFSQQVATVIQSR	2.0	Not found
VADWTGATYQDK	0.5	Not found
LPAPFEESLDLPLWK	0.5	Not found
EYFSWEGAFQHVGK	0.5	Not found
EEGGCSLASTPATTLHLLQLSGQR	0.5	Not found
LPNLTHLNLSGNK	0.5	Not found
VTTMDAELEFAIQPNTTGK	0.5	Not found
LGDVYVNDAFGTAHR	1.0	Not found
VLLQDFTGIPAMVDFAAMR	0.5	Not found
RFDDPGLMLMGFKPLVLLK	1.5	Not found
QTTITSHFAK	0.5	Not found
SYLFQLLQGVSFCHSHR	0.5	Not found
FWDLSTETPHFTCK	0.5	Not found
VYTHEVVTLWYR	0.5	Not found
FWDLSTETPHFTCK	1.0	Not found
YDTLAQMLTLGNIR	0.5	Not found
VYTHEVVTLWYR	0.5	Not found
IGSGYDNVDIK	0.5	Not found
SLVDTVYALKDEVRELK	0.5	Not found
VVLLTEVDKLTK	1.0	Not found
VVLLTEVDKLTK	0.5	Not found
LRFPAEDEFPDLSAHNNHMAK	0.5	Not found
TTPSYVAFTDTER	0.5	Not found
